 ID,Date,Parameter/Paramètre,Value/Valeur,Qualifier/Qualificatif,Symbol/Symbole,Approval/Approbation,Grade/Classification,Qualifiers/Qualificatifs
01AF002,2026-09-01T00:00:00Z,46,89.265,,,Provisional/Provisoire,,
01AF002,2026-09-01T00:05:00Z,46,89.268,,,Provisional/Provisoire,,
01AF002,2026-09-01T00:10:00Z,46,89.270,,,Provisional/Provisoire,,
01AF002,2026-09-01T00:15:00Z,46,89.272,,,Provisional/Provisoire,,
01AF002,2026-09-01T00:20:00Z,46,89.275,,,Provisional/Provisoire,,
01AF002,2026-09-01T00:25:00Z,46,89.275,,,Provisional/Provisoire,,
01AF002,2026-09-01T00:30:00Z,46,89.278,,,Provisional/Provisoire,,
01AF002,2026-09-01T00:35:00Z,46,89.280,,,Provisional/Provisoire,,
01AF002,2026-09-01T00:40:00Z,46,89.280,,,Provisional/Provisoire,,
01AF002,2026-09-01T00:45:00Z,46,89.281,,,Provisional/Provisoire,,
01AF002,2026-09-01T00:50:00Z,46,89.281,,,Provisional/Provisoire,,
01AF002,2026-09-01T00:55:00Z,46,89.282,,,Provisional/Provisoire,,
01AF002,2026-09-01T01:00:00Z,46,89.282,,,Provisional/Provisoire,,
01AF002,2026-09-01T01:05:00Z,46,89.284,,,Provisional/Provisoire,,
01AF002,2026-09-01T01:10:00Z,46,89.284,,,Provisional/Provisoire,,
01AF002,2026-09-01T01:15:00Z,46,89.285,,,Provisional/Provisoire,,
01AF002,2026-09-01T01:20:00Z,46,89.286,,,Provisional/Provisoire,,
01AF002,2026-09-01T01:25:00Z,46,89.285,,,Provisional/Provisoire,,
01AF002,2026-09-01T01:30:00Z,46,89.285,,,Provisional/Provisoire,,
01AF002,2026-09-01T01:35:00Z,46,89.286,,,Provisional/Provisoire,,
01AF002,2026-09-01T01:40:00Z,46,89.288,,,Provisional/Provisoire,,
01AF002,2026-09-01T01:45:00Z,46,89.286,,,Provisional/Provisoire,,
01AF002,2026-09-01T01:50:00Z,46,89.286,,,Provisional/Provisoire,,
01AF002,2026-09-01T01:55:00Z,46,89.286,,,Provisional/Provisoire,,
01AF002,2026-09-01T02:00:00Z,46,89.260,,,Provisional/Provisoire,,
01AF002,2026-09-01T02:05:00Z,46,89.237,,,Provisional/Provisoire,,
01AF002,2026-09-01T02:10:00Z,46,89.225,,,Provisional/Provisoire,,
01AF002,2026-09-01T02:15:00Z,46,89.214,,,Provisional/Provisoire,,
01AF002,2026-09-01T02:20:00Z,46,89.206,,,Provisional/Provisoire,,
01AF002,2026-09-01T02:25:00Z,46,89.198,,,Provisional/Provisoire,,
01AF002,2026-09-01T02:30:00Z,46,89.192,,,Provisional/Provisoire,,
01AF002,2026-09-01T02:35:00Z,46,89.187,,,Provisional/Provisoire,,
01AF002,2026-09-01T02:40:00Z,46,89.183,,,Provisional/Provisoire,,
01AF002,2026-09-01T02:45:00Z,46,89.179,,,Provisional/Provisoire,,
01AF002,2026-09-01T02:50:00Z,46,89.174,,,Provisional/Provisoire,,
01AF002,2026-09-01T02:55:00Z,46,89.171,,,Provisional/Provisoire,,
01AF002,2026-09-01T03:00:00Z,46,89.169,,,Provisional/Provisoire,,
01AF002,2026-09-01T03:05:00Z,46,89.167,,,Provisional/Provisoire,,
01AF002,2026-09-01T03:10:00Z,46,89.167,,,Provisional/Provisoire,,
01AF002,2026-09-01T03:15:00Z,46,89.167,,,Provisional/Provisoire,,
01AF002,2026-09-01T03:20:00Z,46,89.165,,,Provisional/Provisoire,,
01AF002,2026-09-01T03:25:00Z,46,89.162,,,Provisional/Provisoire,,
01AF002,2026-09-01T03:30:00Z,46,89.162,,,Provisional/Provisoire,,
01AF002,2026-09-01T03:35:00Z,46,89.160,,,Provisional/Provisoire,,
01AF002,2026-09-01T03:40:00Z,46,89.161,,,Provisional/Provisoire,,
01AF002,2026-09-01T03:45:00Z,46,89.159,,,Provisional/Provisoire,,
01AF002,2026-09-01T03:50:00Z,46,89.158,,,Provisional/Provisoire,,
01AF002,2026-09-01T03:55:00Z,46,89.142,,,Provisional/Provisoire,,
01AF002,2026-09-01T04:00:00Z,46,89.091,,,Provisional/Provisoire,,
01AF002,2026-09-01T04:05:00Z,46,89.048,,,Provisional/Provisoire,,
01AF002,2026-09-01T04:10:00Z,46,89.026,,,Provisional/Provisoire,,
01AF002,2026-09-01T04:15:00Z,46,89.005,,,Provisional/Provisoire,,
01AF002,2026-09-01T04:20:00Z,46,88.985,,,Provisional/Provisoire,,
01AF002,2026-09-01T04:25:00Z,46,88.971,,,Provisional/Provisoire,,
01AF002,2026-09-01T04:30:00Z,46,88.957,,,Provisional/Provisoire,,
01AF002,2026-09-01T04:35:00Z,46,88.937,,,Provisional/Provisoire,,
01AF002,2026-09-01T04:40:00Z,46,88.917,,,Provisional/Provisoire,,
01AF002,2026-09-01T04:45:00Z,46,88.902,,,Provisional/Provisoire,,
01AF002,2026-09-01T04:50:00Z,46,88.889,,,Provisional/Provisoire,,
01AF002,2026-09-01T04:55:00Z,46,88.876,,,Provisional/Provisoire,,
01AF002,2026-09-01T05:00:00Z,46,88.866,,,Provisional/Provisoire,,
01AF002,2026-09-01T05:05:00Z,46,88.856,,,Provisional/Provisoire,,
01AF002,2026-09-01T05:10:00Z,46,88.846,,,Provisional/Provisoire,,
01AF002,2026-09-01T05:15:00Z,46,88.838,,,Provisional/Provisoire,,
01AF002,2026-09-01T05:20:00Z,46,88.832,,,Provisional/Provisoire,,
01AF002,2026-09-01T05:25:00Z,46,88.824,,,Provisional/Provisoire,,
01AF002,2026-09-01T05:30:00Z,46,88.819,,,Provisional/Provisoire,,
01AF002,2026-09-01T05:35:00Z,46,88.814,,,Provisional/Provisoire,,
01AF002,2026-09-01T05:40:00Z,46,88.808,,,Provisional/Provisoire,,
01AF002,2026-09-01T05:45:00Z,46,88.804,,,Provisional/Provisoire,,
01AF002,2026-09-01T05:50:00Z,46,88.802,,,Provisional/Provisoire,,
01AF002,2026-09-01T05:55:00Z,46,88.797,,,Provisional/Provisoire,,
01AF002,2026-09-01T06:00:00Z,46,88.794,,,Provisional/Provisoire,,
01AF002,2026-09-01T06:05:00Z,46,88.792,,,Provisional/Provisoire,,
01AF002,2026-09-01T06:10:00Z,46,88.789,,,Provisional/Provisoire,,
01AF002,2026-09-01T06:15:00Z,46,88.787,,,Provisional/Provisoire,,
01AF002,2026-09-01T06:20:00Z,46,88.785,,,Provisional/Provisoire,,
01AF002,2026-09-01T06:25:00Z,46,88.782,,,Provisional/Provisoire,,
01AF002,2026-09-01T06:30:00Z,46,88.780,,,Provisional/Provisoire,,
01AF002,2026-09-01T06:35:00Z,46,88.780,,,Provisional/Provisoire,,
01AF002,2026-09-01T06:40:00Z,46,88.779,,,Provisional/Provisoire,,
01AF002,2026-09-01T06:45:00Z,46,88.778,,,Provisional/Provisoire,,
01AF002,2026-09-01T06:50:00Z,46,88.778,,,Provisional/Provisoire,,
01AF002,2026-09-01T06:55:00Z,46,88.776,,,Provisional/Provisoire,,
01AF002,2026-09-01T07:00:00Z,46,88.775,,,Provisional/Provisoire,,
01AF002,2026-09-01T07:05:00Z,46,88.776,,,Provisional/Provisoire,,
01AF002,2026-09-01T07:10:00Z,46,88.773,,,Provisional/Provisoire,,
01AF002,2026-09-01T07:15:00Z,46,88.774,,,Provisional/Provisoire,,
01AF002,2026-09-01T07:20:00Z,46,88.774,,,Provisional/Provisoire,,
01AF002,2026-09-01T07:25:00Z,46,88.774,,,Provisional/Provisoire,,
01AF002,2026-09-01T07:30:00Z,46,88.772,,,Provisional/Provisoire,,
01AF002,2026-09-01T07:35:00Z,46,88.773,,,Provisional/Provisoire,,
01AF002,2026-09-01T07:40:00Z,46,88.772,,,Provisional/Provisoire,,
01AF002,2026-09-01T07:45:00Z,46,88.773,,,Provisional/Provisoire,,
01AF002,2026-09-01T07:50:00Z,46,88.772,,,Provisional/Provisoire,,
01AF002,2026-09-01T07:55:00Z,46,88.772,,,Provisional/Provisoire,,
01AF002,2026-09-01T08:00:00Z,46,88.772,,,Provisional/Provisoire,,
01AF002,2026-09-01T08:05:00Z,46,88.774,,,Provisional/Provisoire,,
01AF002,2026-09-01T08:10:00Z,46,88.773,,,Provisional/Provisoire,,
01AF002,2026-09-01T08:15:00Z,46,88.773,,,Provisional/Provisoire,,
01AF002,2026-09-01T08:20:00Z,46,88.773,,,Provisional/Provisoire,,
01AF002,2026-09-01T08:25:00Z,46,88.772,,,Provisional/Provisoire,,
01AF002,2026-09-01T08:30:00Z,46,88.774,,,Provisional/Provisoire,,
01AF002,2026-09-01T08:35:00Z,46,88.774,,,Provisional/Provisoire,,
01AF002,2026-09-01T08:40:00Z,46,88.774,,,Provisional/Provisoire,,
01AF002,2026-09-01T08:45:00Z,46,88.773,,,Provisional/Provisoire,,
01AF002,2026-09-01T08:50:00Z,46,88.774,,,Provisional/Provisoire,,
01AF002,2026-09-01T08:55:00Z,46,88.789,,,Provisional/Provisoire,,
01AF002,2026-09-01T09:00:00Z,46,88.814,,,Provisional/Provisoire,,
01AF002,2026-09-01T09:05:00Z,46,88.840,,,Provisional/Provisoire,,
01AF002,2026-09-01T09:10:00Z,46,88.859,,,Provisional/Provisoire,,
01AF002,2026-09-01T09:15:00Z,46,88.874,,,Provisional/Provisoire,,
01AF002,2026-09-01T09:20:00Z,46,88.882,,,Provisional/Provisoire,,
01AF002,2026-09-01T09:25:00Z,46,88.885,,,Provisional/Provisoire,,
01AF002,2026-09-01T09:30:00Z,46,88.893,,,Provisional/Provisoire,,
01AF002,2026-09-01T09:35:00Z,46,88.899,,,Provisional/Provisoire,,
01AF002,2026-09-01T09:40:00Z,46,88.902,,,Provisional/Provisoire,,
01AF002,2026-09-01T09:45:00Z,46,88.908,,,Provisional/Provisoire,,
01AF002,2026-09-01T09:50:00Z,46,88.914,,,Provisional/Provisoire,,
01AF002,2026-09-01T09:55:00Z,46,88.918,,,Provisional/Provisoire,,
01AF002,2026-09-01T10:00:00Z,46,88.921,,,Provisional/Provisoire,,
01AF002,2026-09-01T10:05:00Z,46,88.924,,,Provisional/Provisoire,,
01AF002,2026-09-01T11:10:00Z,46,88.946,,,Provisional/Provisoire,,
01AF002,2026-09-01T11:15:00Z,46,88.948,,,Provisional/Provisoire,,
01AF002,2026-09-01T11:20:00Z,46,88.948,,,Provisional/Provisoire,,
01AF002,2026-09-01T11:25:00Z,46,88.949,,,Provisional/Provisoire,,
01AF002,2026-09-01T11:30:00Z,46,88.948,,,Provisional/Provisoire,,
01AF002,2026-09-01T11:35:00Z,46,88.949,,,Provisional/Provisoire,,
01AF002,2026-09-01T11:40:00Z,46,88.950,,,Provisional/Provisoire,,
01AF002,2026-09-01T11:45:00Z,46,88.950,,,Provisional/Provisoire,,
01AF002,2026-09-01T11:50:00Z,46,88.950,,,Provisional/Provisoire,,
01AF002,2026-09-01T11:55:00Z,46,88.951,,,Provisional/Provisoire,,
01AF002,2026-09-01T12:00:00Z,46,88.951,,,Provisional/Provisoire,,
01AF002,2026-09-01T12:05:00Z,46,88.950,,,Provisional/Provisoire,,
01AF002,2026-09-01T12:10:00Z,46,88.951,,,Provisional/Provisoire,,
01AF002,2026-09-01T12:15:00Z,46,88.952,,,Provisional/Provisoire,,
01AF002,2026-09-01T12:20:00Z,46,88.953,,,Provisional/Provisoire,,
01AF002,2026-09-01T12:25:00Z,46,88.951,,,Provisional/Provisoire,,
01AF002,2026-09-01T12:30:00Z,46,88.950,,,Provisional/Provisoire,,
01AF002,2026-09-01T12:35:00Z,46,88.951,,,Provisional/Provisoire,,
01AF002,2026-09-01T12:40:00Z,46,88.950,,,Provisional/Provisoire,,
01AF002,2026-09-01T12:45:00Z,46,88.949,,,Provisional/Provisoire,,
01AF002,2026-09-01T12:50:00Z,46,88.949,,,Provisional/Provisoire,,
01AF002,2026-09-01T12:55:00Z,46,88.950,,,Provisional/Provisoire,,
01AF002,2026-09-01T13:00:00Z,46,88.951,,,Provisional/Provisoire,,
01AF002,2026-09-01T13:05:00Z,46,88.949,,,Provisional/Provisoire,,
01AF002,2026-09-01T13:10:00Z,46,88.950,,,Provisional/Provisoire,,
01AF002,2026-09-01T13:15:00Z,46,88.950,,,Provisional/Provisoire,,
01AF002,2026-09-01T13:20:00Z,46,88.950,,,Provisional/Provisoire,,
01AF002,2026-09-01T13:25:00Z,46,88.951,,,Provisional/Provisoire,,
01AF002,2026-09-01T13:30:00Z,46,88.953,,,Provisional/Provisoire,,
01AF002,2026-09-01T13:35:00Z,46,88.951,,,Provisional/Provisoire,,
01AF002,2026-09-01T13:40:00Z,46,88.951,,,Provisional/Provisoire,,
01AF002,2026-09-01T13:45:00Z,46,88.952,,,Provisional/Provisoire,,
01AF002,2026-09-01T13:50:00Z,46,88.950,,,Provisional/Provisoire,,
01AF002,2026-09-01T13:55:00Z,46,88.951,,,Provisional/Provisoire,,
01AF002,2026-09-01T14:00:00Z,46,88.951,,,Provisional/Provisoire,,
01AF002,2026-09-01T14:05:00Z,46,88.949,,,Provisional/Provisoire,,
01AF002,2026-09-01T14:10:00Z,46,88.949,,,Provisional/Provisoire,,
01AF002,2026-09-01T14:15:00Z,46,88.949,,,Provisional/Provisoire,,
01AF002,2026-09-01T14:20:00Z,46,88.948,,,Provisional/Provisoire,,
01AF002,2026-09-01T14:25:00Z,46,88.945,,,Provisional/Provisoire,,
01AF002,2026-09-01T14:30:00Z,46,88.946,,,Provisional/Provisoire,,
01AF002,2026-09-01T14:35:00Z,46,88.946,,,Provisional/Provisoire,,
01AF002,2026-09-01T14:40:00Z,46,88.944,,,Provisional/Provisoire,,
01AF002,2026-09-01T14:45:00Z,46,88.944,,,Provisional/Provisoire,,
01AF002,2026-09-01T14:50:00Z,46,88.943,,,Provisional/Provisoire,,
01AF002,2026-09-01T14:55:00Z,46,88.942,,,Provisional/Provisoire,,
01AF002,2026-09-01T15:00:00Z,46,88.942,,,Provisional/Provisoire,,
01AF002,2026-09-01T15:05:00Z,46,88.941,,,Provisional/Provisoire,,
01AF002,2026-09-01T15:10:00Z,46,88.955,,,Provisional/Provisoire,,
01AF002,2026-09-01T15:15:00Z,46,88.968,,,Provisional/Provisoire,,
01AF002,2026-09-01T15:20:00Z,46,88.974,,,Provisional/Provisoire,,
01AF002,2026-09-01T15:25:00Z,46,88.981,,,Provisional/Provisoire,,
01AF002,2026-09-01T15:30:00Z,46,88.987,,,Provisional/Provisoire,,
01AF002,2026-09-01T15:35:00Z,46,88.992,,,Provisional/Provisoire,,
01AF002,2026-09-01T15:40:00Z,46,88.998,,,Provisional/Provisoire,,
01AF002,2026-09-01T15:45:00Z,46,89.001,,,Provisional/Provisoire,,
01AF002,2026-09-01T15:50:00Z,46,89.005,,,Provisional/Provisoire,,
01AF002,2026-09-01T15:55:00Z,46,89.007,,,Provisional/Provisoire,,
01AF002,2026-09-01T16:00:00Z,46,89.009,,,Provisional/Provisoire,,
01AF002,2026-09-01T16:05:00Z,46,89.008,,,Provisional/Provisoire,,
01AF002,2026-09-01T16:10:00Z,46,89.010,,,Provisional/Provisoire,,
01AF002,2026-09-01T16:15:00Z,46,89.013,,,Provisional/Provisoire,,
01AF002,2026-09-01T16:20:00Z,46,89.015,,,Provisional/Provisoire,,
01AF002,2026-09-01T16:25:00Z,46,89.016,,,Provisional/Provisoire,,
01AF002,2026-09-01T16:30:00Z,46,89.016,,,Provisional/Provisoire,,
01AF002,2026-09-01T16:35:00Z,46,89.017,,,Provisional/Provisoire,,
01AF002,2026-09-01T16:40:00Z,46,89.016,,,Provisional/Provisoire,,
01AF002,2026-09-01T16:45:00Z,46,89.018,,,Provisional/Provisoire,,
01AF002,2026-09-01T16:50:00Z,46,89.019,,,Provisional/Provisoire,,
01AF002,2026-09-01T16:55:00Z,46,89.019,,,Provisional/Provisoire,,
01AF002,2026-09-01T17:00:00Z,46,89.016,,,Provisional/Provisoire,,
01AF002,2026-09-01T17:05:00Z,46,89.017,,,Provisional/Provisoire,,
01AF002,2026-09-01T17:10:00Z,46,89.016,,,Provisional/Provisoire,,
01AF002,2026-09-01T17:15:00Z,46,89.017,,,Provisional/Provisoire,,
01AF002,2026-09-01T17:20:00Z,46,89.015,,,Provisional/Provisoire,,
01AF002,2026-09-01T17:25:00Z,46,89.017,,,Provisional/Provisoire,,
01AF002,2026-09-01T17:30:00Z,46,89.016,,,Provisional/Provisoire,,
01AF002,2026-09-01T17:35:00Z,46,89.015,,,Provisional/Provisoire,,
01AF002,2026-09-01T17:40:00Z,46,89.016,,,Provisional/Provisoire,,
01AF002,2026-09-01T17:45:00Z,46,89.014,,,Provisional/Provisoire,,
01AF002,2026-09-01T17:50:00Z,46,89.015,,,Provisional/Provisoire,,
01AF002,2026-09-01T17:55:00Z,46,89.014,,,Provisional/Provisoire,,
01AF002,2026-09-01T18:00:00Z,46,89.014,,,Provisional/Provisoire,,
01AF002,2026-09-01T18:05:00Z,46,89.013,,,Provisional/Provisoire,,
01AF002,2026-09-01T18:10:00Z,46,89.014,,,Provisional/Provisoire,,
01AF002,2026-09-01T18:15:00Z,46,89.014,,,Provisional/Provisoire,,
01AF002,2026-09-01T18:20:00Z,46,89.016,,,Provisional/Provisoire,,
01AF002,2026-09-01T18:25:00Z,46,89.017,,,Provisional/Provisoire,,
01AF002,2026-09-01T18:30:00Z,46,89.016,,,Provisional/Provisoire,,
01AF002,2026-09-01T18:35:00Z,46,89.017,,,Provisional/Provisoire,,
01AF002,2026-09-01T18:40:00Z,46,89.017,,,Provisional/Provisoire,,
01AF002,2026-09-01T18:45:00Z,46,89.018,,,Provisional/Provisoire,,
01AF002,2026-09-01T18:50:00Z,46,89.018,,,Provisional/Provisoire,,
01AF002,2026-09-01T18:55:00Z,46,89.027,,,Provisional/Provisoire,,
01AF002,2026-09-01T19:00:00Z,46,89.047,,,Provisional/Provisoire,,
01AF002,2026-09-01T19:05:00Z,46,89.065,,,Provisional/Provisoire,,
01AF002,2026-09-01T19:10:00Z,46,89.076,,,Provisional/Provisoire,,
01AF002,2026-09-01T19:15:00Z,46,89.087,,,Provisional/Provisoire,,
01AF002,2026-09-01T19:20:00Z,46,89.096,,,Provisional/Provisoire,,
01AF002,2026-09-01T19:25:00Z,46,89.103,,,Provisional/Provisoire,,
01AF002,2026-09-01T19:30:00Z,46,89.107,,,Provisional/Provisoire,,
01AF002,2026-09-01T19:35:00Z,46,89.112,,,Provisional/Provisoire,,
01AF002,2026-09-01T19:40:00Z,46,89.117,,,Provisional/Provisoire,,
01AF002,2026-09-01T19:45:00Z,46,89.120,,,Provisional/Provisoire,,
01AF002,2026-09-01T19:50:00Z,46,89.124,,,Provisional/Provisoire,,
01AF002,2026-09-01T19:55:00Z,46,89.127,,,Provisional/Provisoire,,
01AF002,2026-09-01T20:00:00Z,46,89.150,,,Provisional/Provisoire,,
01AF002,2026-09-01T20:05:00Z,46,89.176,,,Provisional/Provisoire,,
01AF002,2026-09-01T20:10:00Z,46,89.193,,,Provisional/Provisoire,,
01AF002,2026-09-01T20:15:00Z,46,89.209,,,Provisional/Provisoire,,
01AF002,2026-09-01T20:20:00Z,46,89.222,,,Provisional/Provisoire,,
01AF002,2026-09-01T20:25:00Z,46,89.232,,,Provisional/Provisoire,,
01AF002,2026-09-01T20:30:00Z,46,89.240,,,Provisional/Provisoire,,
01AF002,2026-09-01T20:35:00Z,46,89.248,,,Provisional/Provisoire,,
01AF002,2026-09-01T20:40:00Z,46,89.255,,,Provisional/Provisoire,,
01AF002,2026-09-01T20:45:00Z,46,89.260,,,Provisional/Provisoire,,
01AF002,2026-09-01T20:50:00Z,46,89.264,,,Provisional/Provisoire,,
01AF002,2026-09-01T20:55:00Z,46,89.265,,,Provisional/Provisoire,,
01AF002,2026-09-01T21:00:00Z,46,89.228,,,Provisional/Provisoire,,
01AF002,2026-09-01T21:05:00Z,46,89.195,,,Provisional/Provisoire,,
01AF002,2026-09-01T21:10:00Z,46,89.176,,,Provisional/Provisoire,,
01AF002,2026-09-01T21:15:00Z,46,89.160,,,Provisional/Provisoire,,
01AF002,2026-09-01T21:20:00Z,46,89.148,,,Provisional/Provisoire,,
01AF002,2026-09-01T21:25:00Z,46,89.137,,,Provisional/Provisoire,,
01AF002,2026-09-01T21:30:00Z,46,89.130,,,Provisional/Provisoire,,
01AF002,2026-09-01T21:35:00Z,46,89.122,,,Provisional/Provisoire,,
01AF002,2026-09-01T21:40:00Z,46,89.116,,,Provisional/Provisoire,,
01AF002,2026-09-01T21:45:00Z,46,89.111,,,Provisional/Provisoire,,
01AF002,2026-09-01T21:50:00Z,46,89.105,,,Provisional/Provisoire,,
01AF002,2026-09-01T21:55:00Z,46,89.101,,,Provisional/Provisoire,,
01AF002,2026-09-01T22:00:00Z,46,89.097,,,Provisional/Provisoire,,
01AF002,2026-09-01T22:05:00Z,46,89.092,,,Provisional/Provisoire,,
01AF002,2026-09-01T22:10:00Z,46,89.086,,,Provisional/Provisoire,,
01AF002,2026-09-01T22:15:00Z,46,89.084,,,Provisional/Provisoire,,
01AF002,2026-09-01T22:20:00Z,46,89.081,,,Provisional/Provisoire,,
01AF002,2026-09-01T22:25:00Z,46,89.079,,,Provisional/Provisoire,,
01AF002,2026-09-01T22:30:00Z,46,89.078,,,Provisional/Provisoire,,
01AF002,2026-09-01T22:35:00Z,46,89.075,,,Provisional/Provisoire,,
01AF002,2026-09-01T22:40:00Z,46,89.069,,,Provisional/Provisoire,,
01AF002,2026-09-01T22:45:00Z,46,89.065,,,Provisional/Provisoire,,
01AF002,2026-09-01T22:50:00Z,46,89.062,,,Provisional/Provisoire,,
01AF002,2026-09-01T22:55:00Z,46,89.058,,,Provisional/Provisoire,,
01AF002,2026-09-01T23:00:00Z,46,89.056,,,Provisional/Provisoire,,
01AF002,2026-09-01T23:05:00Z,46,89.053,,,Provisional/Provisoire,,
01AF002,2026-09-01T23:10:00Z,46,89.050,,,Provisional/Provisoire,,
01AF002,2026-09-01T23:15:00Z,46,89.048,,,Provisional/Provisoire,,
01AF002,2026-09-01T23:20:00Z,46,89.046,,,Provisional/Provisoire,,
01AF002,2026-09-01T23:25:00Z,46,89.044,,,Provisional/Provisoire,,
01AF002,2026-09-01T23:30:00Z,46,89.043,,,Provisional/Provisoire,,
01AF002,2026-09-01T23:35:00Z,46,89.042,,,Provisional/Provisoire,,
01AF002,2026-09-01T23:40:00Z,46,89.041,,,Provisional/Provisoire,,
01AF002,2026-09-01T23:45:00Z,46,89.040,,,Provisional/Provisoire,,
01AF002,2026-09-01T23:50:00Z,46,89.039,,,Provisional/Provisoire,,
01AF002,2026-09-01T23:55:00Z,46,89.037,,,Provisional/Provisoire,,
01AF002,2026-09-02T00:00:00Z,46,89.037,,,Provisional/Provisoire,,
01AF002,2026-09-02T00:05:00Z,46,89.038,,,Provisional/Provisoire,,
01AF002,2026-09-02T00:10:00Z,46,89.036,,,Provisional/Provisoire,,
01AF002,2026-09-02T00:15:00Z,46,89.037,,,Provisional/Provisoire,,
01AF002,2026-09-02T00:20:00Z,46,89.037,,,Provisional/Provisoire,,
01AF002,2026-09-02T00:25:00Z,46,89.036,,,Provisional/Provisoire,,
01AF002,2026-09-02T00:30:00Z,46,89.037,,,Provisional/Provisoire,,
01AF002,2026-09-02T00:35:00Z,46,89.037,,,Provisional/Provisoire,,
01AF002,2026-09-02T00:40:00Z,46,89.035,,,Provisional/Provisoire,,
01AF002,2026-09-02T00:45:00Z,46,89.036,,,Provisional/Provisoire,,
01AF002,2026-09-02T00:50:00Z,46,89.036,,,Provisional/Provisoire,,
01AF002,2026-09-02T00:55:00Z,46,89.033,,,Provisional/Provisoire,,
01AF002,2026-09-02T01:00:00Z,46,89.033,,,Provisional/Provisoire,,
01AF002,2026-09-02T01:05:00Z,46,89.035,,,Provisional/Provisoire,,
01AF002,2026-09-02T01:10:00Z,46,89.035,,,Provisional/Provisoire,,
01AF002,2026-09-02T01:15:00Z,46,89.035,,,Provisional/Provisoire,,
01AF002,2026-09-02T01:20:00Z,46,89.036,,,Provisional/Provisoire,,
01AF002,2026-09-02T01:25:00Z,46,89.036,,,Provisional/Provisoire,,
01AF002,2026-09-02T01:30:00Z,46,89.035,,,Provisional/Provisoire,,
01AF002,2026-09-02T01:35:00Z,46,89.036,,,Provisional/Provisoire,,
01AF002,2026-09-02T01:40:00Z,46,89.035,,,Provisional/Provisoire,,
01AF002,2026-09-02T01:45:00Z,46,89.033,,,Provisional/Provisoire,,
01AF002,2026-09-02T01:50:00Z,46,89.035,,,Provisional/Provisoire,,
01AF002,2026-09-02T01:55:00Z,46,89.030,,,Provisional/Provisoire,,
01AF002,2026-09-02T02:00:00Z,46,88.992,,,Provisional/Provisoire,,
01AF002,2026-09-02T02:05:00Z,46,88.955,,,Provisional/Provisoire,,
01AF002,2026-09-02T02:10:00Z,46,88.932,,,Provisional/Provisoire,,
01AF002,2026-09-02T02:15:00Z,46,88.913,,,Provisional/Provisoire,,
01AF002,2026-09-02T02:20:00Z,46,88.895,,,Provisional/Provisoire,,
01AF002,2026-09-02T02:25:00Z,46,88.883,,,Provisional/Provisoire,,
01AF002,2026-09-02T02:30:00Z,46,88.871,,,Provisional/Provisoire,,
01AF002,2026-09-02T02:35:00Z,46,88.859,,,Provisional/Provisoire,,
01AF002,2026-09-02T02:40:00Z,46,88.849,,,Provisional/Provisoire,,
01AF002,2026-09-02T02:45:00Z,46,88.841,,,Provisional/Provisoire,,
01AF002,2026-09-02T02:50:00Z,46,88.833,,,Provisional/Provisoire,,
01AF002,2026-09-02T02:55:00Z,46,88.825,,,Provisional/Provisoire,,
01AF002,2026-09-02T03:00:00Z,46,88.820,,,Provisional/Provisoire,,
01AF002,2026-09-02T03:05:00Z,46,88.815,,,Provisional/Provisoire,,
01AF002,2026-09-02T03:10:00Z,46,88.811,,,Provisional/Provisoire,,
01AF002,2026-09-02T03:15:00Z,46,88.806,,,Provisional/Provisoire,,
01AF002,2026-09-02T03:20:00Z,46,88.801,,,Provisional/Provisoire,,
01AF002,2026-09-02T03:25:00Z,46,88.799,,,Provisional/Provisoire,,
01AF002,2026-09-02T03:30:00Z,46,88.796,,,Provisional/Provisoire,,
01AF002,2026-09-02T03:35:00Z,46,88.792,,,Provisional/Provisoire,,
01AF002,2026-09-02T03:40:00Z,46,88.789,,,Provisional/Provisoire,,
01AF002,2026-09-02T03:45:00Z,46,88.787,,,Provisional/Provisoire,,
01AF002,2026-09-02T03:50:00Z,46,88.785,,,Provisional/Provisoire,,
01AF002,2026-09-02T03:55:00Z,46,88.782,,,Provisional/Provisoire,,
01AF002,2026-09-02T04:00:00Z,46,88.779,,,Provisional/Provisoire,,
01AF002,2026-09-02T04:05:00Z,46,88.778,,,Provisional/Provisoire,,
01AF002,2026-09-02T04:10:00Z,46,88.778,,,Provisional/Provisoire,,
01AF002,2026-09-02T04:15:00Z,46,88.778,,,Provisional/Provisoire,,
01AF002,2026-09-02T04:20:00Z,46,88.779,,,Provisional/Provisoire,,
01AF002,2026-09-02T04:25:00Z,46,88.778,,,Provisional/Provisoire,,
01AF002,2026-09-02T04:30:00Z,46,88.776,,,Provisional/Provisoire,,
01AF002,2026-09-02T04:35:00Z,46,88.775,,,Provisional/Provisoire,,
01AF002,2026-09-02T04:40:00Z,46,88.774,,,Provisional/Provisoire,,
01AF002,2026-09-02T04:45:00Z,46,88.774,,,Provisional/Provisoire,,
01AF002,2026-09-02T04:50:00Z,46,88.772,,,Provisional/Provisoire,,
01AF002,2026-09-02T04:55:00Z,46,88.771,,,Provisional/Provisoire,,
01AF002,2026-09-02T05:00:00Z,46,88.769,,,Provisional/Provisoire,,
01AF002,2026-09-02T05:05:00Z,46,88.770,,,Provisional/Provisoire,,
01AF002,2026-09-02T05:10:00Z,46,88.771,,,Provisional/Provisoire,,
01AF002,2026-09-02T05:15:00Z,46,88.770,,,Provisional/Provisoire,,
01AF002,2026-09-02T05:20:00Z,46,88.772,,,Provisional/Provisoire,,
01AF002,2026-09-02T05:25:00Z,46,88.773,,,Provisional/Provisoire,,
01AF002,2026-09-02T05:30:00Z,46,88.771,,,Provisional/Provisoire,,
01AF002,2026-09-02T05:35:00Z,46,88.771,,,Provisional/Provisoire,,
01AF002,2026-09-02T05:40:00Z,46,88.771,,,Provisional/Provisoire,,
01AF002,2026-09-02T05:45:00Z,46,88.770,,,Provisional/Provisoire,,
01AF002,2026-09-02T05:50:00Z,46,88.770,,,Provisional/Provisoire,,
01AF002,2026-09-02T05:55:00Z,46,88.769,,,Provisional/Provisoire,,
01AF002,2026-09-02T06:00:00Z,46,88.769,,,Provisional/Provisoire,,
01AF002,2026-09-02T06:05:00Z,46,88.768,,,Provisional/Provisoire,,
01AF002,2026-09-02T06:10:00Z,46,88.769,,,Provisional/Provisoire,,
01AF002,2026-09-02T06:15:00Z,46,88.770,,,Provisional/Provisoire,,
01AF002,2026-09-02T06:20:00Z,46,88.770,,,Provisional/Provisoire,,
01AF002,2026-09-02T06:25:00Z,46,88.770,,,Provisional/Provisoire,,
01AF002,2026-09-02T06:30:00Z,46,88.770,,,Provisional/Provisoire,,
01AF002,2026-09-02T06:35:00Z,46,88.769,,,Provisional/Provisoire,,
01AF002,2026-09-02T06:40:00Z,46,88.768,,,Provisional/Provisoire,,
01AF002,2026-09-02T06:45:00Z,46,88.770,,,Provisional/Provisoire,,
01AF002,2026-09-02T06:50:00Z,46,88.770,,,Provisional/Provisoire,,
01AF002,2026-09-02T06:55:00Z,46,88.768,,,Provisional/Provisoire,,
01AF002,2026-09-02T07:00:00Z,46,88.770,,,Provisional/Provisoire,,
01AF002,2026-09-02T07:05:00Z,46,88.770,,,Provisional/Provisoire,,
01AF002,2026-09-02T07:10:00Z,46,88.772,,,Provisional/Provisoire,,
01AF002,2026-09-02T07:15:00Z,46,88.772,,,Provisional/Provisoire,,
01AF002,2026-09-02T07:20:00Z,46,88.773,,,Provisional/Provisoire,,
01AF002,2026-09-02T07:25:00Z,46,88.772,,,Provisional/Provisoire,,
01AF002,2026-09-02T07:30:00Z,46,88.773,,,Provisional/Provisoire,,
01AF002,2026-09-02T07:35:00Z,46,88.774,,,Provisional/Provisoire,,
01AF002,2026-09-02T07:40:00Z,46,88.775,,,Provisional/Provisoire,,
01AF002,2026-09-02T07:45:00Z,46,88.775,,,Provisional/Provisoire,,
01AF002,2026-09-02T07:50:00Z,46,88.776,,,Provisional/Provisoire,,
01AF002,2026-09-02T07:55:00Z,46,88.776,,,Provisional/Provisoire,,
01AF002,2026-09-02T08:00:00Z,46,88.775,,,Provisional/Provisoire,,
01AF002,2026-09-02T08:05:00Z,46,88.777,,,Provisional/Provisoire,,
01AF002,2026-09-02T08:10:00Z,46,88.776,,,Provisional/Provisoire,,
01AF002,2026-09-02T08:15:00Z,46,88.777,,,Provisional/Provisoire,,
01AF002,2026-09-02T08:20:00Z,46,88.778,,,Provisional/Provisoire,,
01AF002,2026-09-02T08:25:00Z,46,88.778,,,Provisional/Provisoire,,
01AF002,2026-09-02T08:30:00Z,46,88.780,,,Provisional/Provisoire,,
01AF002,2026-09-02T08:35:00Z,46,88.780,,,Provisional/Provisoire,,
01AF002,2026-09-02T08:40:00Z,46,88.780,,,Provisional/Provisoire,,
01AF002,2026-09-02T08:45:00Z,46,88.782,,,Provisional/Provisoire,,
01AF002,2026-09-02T08:50:00Z,46,88.781,,,Provisional/Provisoire,,
01AF002,2026-09-02T08:55:00Z,46,88.794,,,Provisional/Provisoire,,
01AF002,2026-09-02T09:00:00Z,46,88.816,,,Provisional/Provisoire,,
01AF002,2026-09-02T09:05:00Z,46,88.839,,,Provisional/Provisoire,,
01AF002,2026-09-02T09:10:00Z,46,88.856,,,Provisional/Provisoire,,
01AF002,2026-09-02T09:15:00Z,46,88.869,,,Provisional/Provisoire,,
01AF002,2026-09-02T09:20:00Z,46,88.880,,,Provisional/Provisoire,,
01AF002,2026-09-02T09:25:00Z,46,88.890,,,Provisional/Provisoire,,
01AF002,2026-09-02T09:30:00Z,46,88.897,,,Provisional/Provisoire,,
01AF002,2026-09-02T09:35:00Z,46,88.903,,,Provisional/Provisoire,,
01AF002,2026-09-02T09:40:00Z,46,88.908,,,Provisional/Provisoire,,
01AF002,2026-09-02T09:45:00Z,46,88.912,,,Provisional/Provisoire,,
01AF002,2026-09-02T09:50:00Z,46,88.917,,,Provisional/Provisoire,,
01AF002,2026-09-02T09:55:00Z,46,88.921,,,Provisional/Provisoire,,
01AF002,2026-09-02T10:00:00Z,46,88.924,,,Provisional/Provisoire,,
01AF002,2026-09-02T10:05:00Z,46,88.927,,,Provisional/Provisoire,,
01AF002,2026-09-02T10:10:00Z,46,88.932,,,Provisional/Provisoire,,
01AF002,2026-09-02T10:15:00Z,46,88.934,,,Provisional/Provisoire,,
01AF002,2026-09-02T10:20:00Z,46,88.939,,,Provisional/Provisoire,,
01AF002,2026-09-02T10:25:00Z,46,88.941,,,Provisional/Provisoire,,
01AF002,2026-09-02T10:30:00Z,46,88.942,,,Provisional/Provisoire,,
01AF002,2026-09-02T10:35:00Z,46,88.945,,,Provisional/Provisoire,,
01AF002,2026-09-02T10:40:00Z,46,88.945,,,Provisional/Provisoire,,
01AF002,2026-09-02T10:45:00Z,46,88.946,,,Provisional/Provisoire,,
01AF002,2026-09-02T10:50:00Z,46,88.947,,,Provisional/Provisoire,,
01AF002,2026-09-02T10:55:00Z,46,88.945,,,Provisional/Provisoire,,
01AF002,2026-09-02T11:00:00Z,46,88.947,,,Provisional/Provisoire,,
01AF002,2026-09-02T11:05:00Z,46,88.947,,,Provisional/Provisoire,,
01AF002,2026-09-02T11:10:00Z,46,88.949,,,Provisional/Provisoire,,
01AF002,2026-09-02T11:15:00Z,46,88.949,,,Provisional/Provisoire,,
01AF002,2026-09-02T11:20:00Z,46,88.950,,,Provisional/Provisoire,,
01AF002,2026-09-02T11:25:00Z,46,88.950,,,Provisional/Provisoire,,
01AF002,2026-09-02T11:30:00Z,46,88.951,,,Provisional/Provisoire,,
01AF002,2026-09-02T11:35:00Z,46,88.949,,,Provisional/Provisoire,,
01AF002,2026-09-02T11:40:00Z,46,88.950,,,Provisional/Provisoire,,
01AF002,2026-09-02T11:45:00Z,46,88.950,,,Provisional/Provisoire,,
01AF002,2026-09-02T11:50:00Z,46,88.951,,,Provisional/Provisoire,,
01AF002,2026-09-02T11:55:00Z,46,88.949,,,Provisional/Provisoire,,
01AF002,2026-09-02T12:00:00Z,46,88.949,,,Provisional/Provisoire,,
01AF002,2026-09-02T12:05:00Z,46,88.952,,,Provisional/Provisoire,,
01AF002,2026-09-02T12:10:00Z,46,88.951,,,Provisional/Provisoire,,
01AF002,2026-09-02T12:15:00Z,46,88.951,,,Provisional/Provisoire,,
01AF002,2026-09-02T12:20:00Z,46,88.952,,,Provisional/Provisoire,,
01AF002,2026-09-02T12:25:00Z,46,88.952,,,Provisional/Provisoire,,
01AF002,2026-09-02T12:30:00Z,46,88.952,,,Provisional/Provisoire,,
01AF002,2026-09-02T12:35:00Z,46,88.951,,,Provisional/Provisoire,,
01AF002,2026-09-02T12:40:00Z,46,88.952,,,Provisional/Provisoire,,
01AF002,2026-09-02T12:45:00Z,46,88.951,,,Provisional/Provisoire,,
01AF002,2026-09-02T12:50:00Z,46,88.952,,,Provisional/Provisoire,,
01AF002,2026-09-02T12:55:00Z,46,88.943,,,Provisional/Provisoire,,
01AF002,2026-09-02T13:00:00Z,46,88.918,,,Provisional/Provisoire,,
01AF002,2026-09-02T13:05:00Z,46,88.892,,,Provisional/Provisoire,,
01AF002,2026-09-02T13:10:00Z,46,88.879,,,Provisional/Provisoire,,
01AF002,2026-09-02T13:15:00Z,46,88.866,,,Provisional/Provisoire,,
01AF002,2026-09-02T13:20:00Z,46,88.857,,,Provisional/Provisoire,,
01AF002,2026-09-02T13:25:00Z,46,88.849,,,Provisional/Provisoire,,
01AF002,2026-09-02T13:30:00Z,46,88.841,,,Provisional/Provisoire,,
01AF002,2026-09-02T13:35:00Z,46,88.835,,,Provisional/Provisoire,,
01AF002,2026-09-02T13:40:00Z,46,88.829,,,Provisional/Provisoire,,
01AF002,2026-09-02T13:45:00Z,46,88.824,,,Provisional/Provisoire,,
01AF002,2026-09-02T13:50:00Z,46,88.818,,,Provisional/Provisoire,,
01AF002,2026-09-02T13:55:00Z,46,88.814,,,Provisional/Provisoire,,
01AF002,2026-09-02T14:00:00Z,46,88.809,,,Provisional/Provisoire,,
01AF002,2026-09-02T14:05:00Z,46,88.805,,,Provisional/Provisoire,,
01AF002,2026-09-02T14:10:00Z,46,88.801,,,Provisional/Provisoire,,
01AF002,2026-09-02T14:15:00Z,46,88.800,,,Provisional/Provisoire,,
01AF002,2026-09-02T14:20:00Z,46,88.798,,,Provisional/Provisoire,,
01AF002,2026-09-02T14:25:00Z,46,88.797,,,Provisional/Provisoire,,
01AF002,2026-09-02T14:30:00Z,46,88.794,,,Provisional/Provisoire,,
01AF002,2026-09-02T14:35:00Z,46,88.791,,,Provisional/Provisoire,,
01AF002,2026-09-02T14:40:00Z,46,88.788,,,Provisional/Provisoire,,
01AF002,2026-09-02T14:45:00Z,46,88.786,,,Provisional/Provisoire,,
01AF002,2026-09-02T14:50:00Z,46,88.782,,,Provisional/Provisoire,,
01AF002,2026-09-02T14:55:00Z,46,88.781,,,Provisional/Provisoire,,
01AF002,2026-09-02T15:00:00Z,46,88.779,,,Provisional/Provisoire,,
01AF002,2026-09-02T15:05:00Z,46,88.776,,,Provisional/Provisoire,,
01AF002,2026-09-02T15:10:00Z,46,88.774,,,Provisional/Provisoire,,
01AF002,2026-09-02T15:15:00Z,46,88.774,,,Provisional/Provisoire,,
01AF002,2026-09-02T15:20:00Z,46,88.772,,,Provisional/Provisoire,,
01AF002,2026-09-02T15:25:00Z,46,88.772,,,Provisional/Provisoire,,
01AF002,2026-09-02T15:30:00Z,46,88.772,,,Provisional/Provisoire,,
01AF002,2026-09-02T15:35:00Z,46,88.771,,,Provisional/Provisoire,,
01AF002,2026-09-02T15:40:00Z,46,88.771,,,Provisional/Provisoire,,
01AF002,2026-09-02T15:45:00Z,46,88.771,,,Provisional/Provisoire,,
01AF002,2026-09-02T15:50:00Z,46,88.769,,,Provisional/Provisoire,,
01AF002,2026-09-02T15:55:00Z,46,88.768,,,Provisional/Provisoire,,
01AF002,2026-09-02T16:00:00Z,46,88.766,,,Provisional/Provisoire,,
01AF002,2026-09-02T16:05:00Z,46,88.766,,,Provisional/Provisoire,,
01AF002,2026-09-02T16:10:00Z,46,88.765,,,Provisional/Provisoire,,
01AF002,2026-09-02T16:15:00Z,46,88.763,,,Provisional/Provisoire,,
01AF002,2026-09-02T16:20:00Z,46,88.762,,,Provisional/Provisoire,,
01AF002,2026-09-02T16:25:00Z,46,88.759,,,Provisional/Provisoire,,
01AF002,2026-09-02T16:30:00Z,46,88.760,,,Provisional/Provisoire,,
01AF002,2026-09-02T16:35:00Z,46,88.758,,,Provisional/Provisoire,,
01AF002,2026-09-02T16:40:00Z,46,88.759,,,Provisional/Provisoire,,
01AF002,2026-09-02T16:45:00Z,46,88.759,,,Provisional/Provisoire,,
01AF002,2026-09-02T16:50:00Z,46,88.758,,,Provisional/Provisoire,,
01AF002,2026-09-02T16:55:00Z,46,88.759,,,Provisional/Provisoire,,
01AF002,2026-09-02T17:00:00Z,46,88.756,,,Provisional/Provisoire,,
01AF002,2026-09-02T17:05:00Z,46,88.755,,,Provisional/Provisoire,,
01AF002,2026-09-02T17:10:00Z,46,88.754,,,Provisional/Provisoire,,
01AF002,2026-09-02T17:15:00Z,46,88.751,,,Provisional/Provisoire,,
01AF002,2026-09-02T17:20:00Z,46,88.752,,,Provisional/Provisoire,,
01AF002,2026-09-02T17:25:00Z,46,88.752,,,Provisional/Provisoire,,
01AF002,2026-09-02T17:30:00Z,46,88.751,,,Provisional/Provisoire,,
01AF002,2026-09-02T17:35:00Z,46,88.750,,,Provisional/Provisoire,,
01AF002,2026-09-02T17:40:00Z,46,88.750,,,Provisional/Provisoire,,
01AF002,2026-09-02T17:45:00Z,46,88.749,,,Provisional/Provisoire,,
01AF002,2026-09-02T17:50:00Z,46,88.748,,,Provisional/Provisoire,,
01AF002,2026-09-02T17:55:00Z,46,88.747,,,Provisional/Provisoire,,
01AF002,2026-09-02T18:00:00Z,46,88.745,,,Provisional/Provisoire,,
01AF002,2026-09-02T18:05:00Z,46,88.744,,,Provisional/Provisoire,,
01AF002,2026-09-02T18:10:00Z,46,88.745,,,Provisional/Provisoire,,
01AF002,2026-09-02T18:15:00Z,46,88.743,,,Provisional/Provisoire,,
01AF002,2026-09-02T18:20:00Z,46,88.745,,,Provisional/Provisoire,,
01AF002,2026-09-02T18:25:00Z,46,88.745,,,Provisional/Provisoire,,
01AF002,2026-09-02T18:30:00Z,46,88.742,,,Provisional/Provisoire,,
01AF002,2026-09-02T18:35:00Z,46,88.743,,,Provisional/Provisoire,,
01AF002,2026-09-02T18:40:00Z,46,88.742,,,Provisional/Provisoire,,
01AF002,2026-09-02T18:45:00Z,46,88.741,,,Provisional/Provisoire,,
01AF002,2026-09-02T18:50:00Z,46,88.741,,,Provisional/Provisoire,,
01AF002,2026-09-02T18:55:00Z,46,88.778,,,Provisional/Provisoire,,
01AF002,2026-09-02T19:00:00Z,46,88.837,,,Provisional/Provisoire,,
01AF002,2026-09-02T19:05:00Z,46,88.890,,,Provisional/Provisoire,,
01AF002,2026-09-02T19:10:00Z,46,88.928,,,Provisional/Provisoire,,
01AF002,2026-09-02T19:15:00Z,46,88.959,,,Provisional/Provisoire,,
01AF002,2026-09-02T19:20:00Z,46,88.984,,,Provisional/Provisoire,,
01AF002,2026-09-02T19:25:00Z,46,89.003,,,Provisional/Provisoire,,
01AF002,2026-09-02T19:30:00Z,46,89.021,,,Provisional/Provisoire,,
01AF002,2026-09-02T19:35:00Z,46,89.037,,,Provisional/Provisoire,,
01AF002,2026-09-02T19:40:00Z,46,89.047,,,Provisional/Provisoire,,
01AF002,2026-09-02T19:45:00Z,46,89.058,,,Provisional/Provisoire,,
01AF002,2026-09-02T19:50:00Z,46,89.067,,,Provisional/Provisoire,,
01AF002,2026-09-02T19:55:00Z,46,89.073,,,Provisional/Provisoire,,
01AF002,2026-09-02T20:00:00Z,46,89.080,,,Provisional/Provisoire,,
01AF002,2026-09-02T20:05:00Z,46,89.085,,,Provisional/Provisoire,,
01AF002,2026-09-02T20:10:00Z,46,89.090,,,Provisional/Provisoire,,
01AF002,2026-09-02T20:15:00Z,46,89.096,,,Provisional/Provisoire,,
01AF002,2026-09-02T20:20:00Z,46,89.102,,,Provisional/Provisoire,,
01AF002,2026-09-02T20:25:00Z,46,89.105,,,Provisional/Provisoire,,
01AF002,2026-09-02T20:30:00Z,46,89.109,,,Provisional/Provisoire,,
01AF002,2026-09-02T20:35:00Z,46,89.113,,,Provisional/Provisoire,,
01AF002,2026-09-02T20:40:00Z,46,89.115,,,Provisional/Provisoire,,
01AF002,2026-09-02T20:45:00Z,46,89.119,,,Provisional/Provisoire,,
01AF002,2026-09-02T20:50:00Z,46,89.121,,,Provisional/Provisoire,,
01AF002,2026-09-02T20:55:00Z,46,89.124,,,Provisional/Provisoire,,
01AF002,2026-09-02T21:00:00Z,46,89.125,,,Provisional/Provisoire,,
01AF002,2026-09-02T21:05:00Z,46,89.124,,,Provisional/Provisoire,,
01AF002,2026-09-02T21:10:00Z,46,89.125,,,Provisional/Provisoire,,
01AF002,2026-09-02T21:15:00Z,46,89.125,,,Provisional/Provisoire,,
01AF002,2026-09-02T21:20:00Z,46,89.126,,,Provisional/Provisoire,,
01AF002,2026-09-02T21:25:00Z,46,89.129,,,Provisional/Provisoire,,
01AF002,2026-09-02T21:30:00Z,46,89.132,,,Provisional/Provisoire,,
01AF002,2026-09-02T21:35:00Z,46,89.133,,,Provisional/Provisoire,,
01AF002,2026-09-02T21:40:00Z,46,89.134,,,Provisional/Provisoire,,
01AF002,2026-09-02T21:45:00Z,46,89.135,,,Provisional/Provisoire,,
01AF002,2026-09-02T21:50:00Z,46,89.135,,,Provisional/Provisoire,,
01AF002,2026-09-02T21:55:00Z,46,89.135,,,Provisional/Provisoire,,
01AF002,2026-09-02T22:00:00Z,46,89.135,,,Provisional/Provisoire,,
01AF002,2026-09-02T22:05:00Z,46,89.134,,,Provisional/Provisoire,,
01AF002,2026-09-02T22:10:00Z,46,89.133,,,Provisional/Provisoire,,
01AF002,2026-09-02T22:15:00Z,46,89.134,,,Provisional/Provisoire,,
01AF002,2026-09-02T22:20:00Z,46,89.135,,,Provisional/Provisoire,,
01AF002,2026-09-02T22:25:00Z,46,89.135,,,Provisional/Provisoire,,
01AF002,2026-09-02T22:30:00Z,46,89.136,,,Provisional/Provisoire,,
01AF002,2026-09-02T22:35:00Z,46,89.137,,,Provisional/Provisoire,,
01AF002,2026-09-02T22:40:00Z,46,89.136,,,Provisional/Provisoire,,
01AF002,2026-09-02T22:45:00Z,46,89.137,,,Provisional/Provisoire,,
01AF002,2026-09-02T22:50:00Z,46,89.139,,,Provisional/Provisoire,,
01AF002,2026-09-02T22:55:00Z,46,89.139,,,Provisional/Provisoire,,
01AF002,2026-09-02T23:00:00Z,46,89.138,,,Provisional/Provisoire,,
01AF002,2026-09-02T23:05:00Z,46,89.139,,,Provisional/Provisoire,,
01AF002,2026-09-02T23:10:00Z,46,89.147,,,Provisional/Provisoire,,
01AF002,2026-09-02T23:15:00Z,46,89.172,,,Provisional/Provisoire,,
01AF002,2026-09-02T23:20:00Z,46,89.196,,,Provisional/Provisoire,,
01AF002,2026-09-02T23:25:00Z,46,89.210,,,Provisional/Provisoire,,
01AF002,2026-09-02T23:30:00Z,46,89.223,,,Provisional/Provisoire,,
01AF002,2026-09-02T23:35:00Z,46,89.231,,,Provisional/Provisoire,,
01AF002,2026-09-02T23:40:00Z,46,89.240,,,Provisional/Provisoire,,
01AF002,2026-09-02T23:45:00Z,46,89.246,,,Provisional/Provisoire,,
01AF002,2026-09-02T23:50:00Z,46,89.251,,,Provisional/Provisoire,,
01AF002,2026-09-02T23:55:00Z,46,89.255,,,Provisional/Provisoire,,
01AF002,2026-09-03T00:00:00Z,46,89.259,,,Provisional/Provisoire,,
01AF002,2026-09-03T00:05:00Z,46,89.266,,,Provisional/Provisoire,,
01AF002,2026-09-03T00:10:00Z,46,89.269,,,Provisional/Provisoire,,
01AF002,2026-09-03T00:15:00Z,46,89.271,,,Provisional/Provisoire,,
01AF002,2026-09-03T00:20:00Z,46,89.272,,,Provisional/Provisoire,,
01AF002,2026-09-03T00:25:00Z,46,89.273,,,Provisional/Provisoire,,
01AF002,2026-09-03T00:30:00Z,46,89.274,,,Provisional/Provisoire,,
01AF002,2026-09-03T00:35:00Z,46,89.276,,,Provisional/Provisoire,,
01AF002,2026-09-03T00:40:00Z,46,89.276,,,Provisional/Provisoire,,
01AF002,2026-09-03T00:45:00Z,46,89.278,,,Provisional/Provisoire,,
01AF002,2026-09-03T00:50:00Z,46,89.280,,,Provisional/Provisoire,,
01AF002,2026-09-03T00:55:00Z,46,89.280,,,Provisional/Provisoire,,
01AF002,2026-09-03T01:00:00Z,46,89.278,,,Provisional/Provisoire,,
01AF002,2026-09-03T01:05:00Z,46,89.280,,,Provisional/Provisoire,,
01AF002,2026-09-03T01:10:00Z,46,89.280,,,Provisional/Provisoire,,
01AF002,2026-09-03T01:15:00Z,46,89.281,,,Provisional/Provisoire,,
01AF002,2026-09-03T01:20:00Z,46,89.279,,,Provisional/Provisoire,,
01AF002,2026-09-03T01:25:00Z,46,89.281,,,Provisional/Provisoire,,
01AF002,2026-09-03T01:30:00Z,46,89.281,,,Provisional/Provisoire,,
01AF002,2026-09-03T01:35:00Z,46,89.279,,,Provisional/Provisoire,,
01AF002,2026-09-03T01:40:00Z,46,89.281,,,Provisional/Provisoire,,
01AF002,2026-09-03T01:45:00Z,46,89.281,,,Provisional/Provisoire,,
01AF002,2026-09-03T01:50:00Z,46,89.283,,,Provisional/Provisoire,,
01AF002,2026-09-03T01:55:00Z,46,89.281,,,Provisional/Provisoire,,
01AF002,2026-09-03T02:00:00Z,46,89.281,,,Provisional/Provisoire,,
01AF002,2026-09-03T02:05:00Z,46,89.283,,,Provisional/Provisoire,,
01AF002,2026-09-03T02:10:00Z,46,89.283,,,Provisional/Provisoire,,
01AF002,2026-09-03T02:15:00Z,46,89.284,,,Provisional/Provisoire,,
01AF002,2026-09-03T02:20:00Z,46,89.285,,,Provisional/Provisoire,,
01AF002,2026-09-03T02:25:00Z,46,89.285,,,Provisional/Provisoire,,
01AF002,2026-09-03T02:30:00Z,46,89.284,,,Provisional/Provisoire,,
01AF002,2026-09-03T02:35:00Z,46,89.284,,,Provisional/Provisoire,,
01AF002,2026-09-03T02:40:00Z,46,89.285,,,Provisional/Provisoire,,
01AF002,2026-09-03T02:45:00Z,46,89.285,,,Provisional/Provisoire,,
01AF002,2026-09-03T02:50:00Z,46,89.284,,,Provisional/Provisoire,,
01AF002,2026-09-03T02:55:00Z,46,89.284,,,Provisional/Provisoire,,
01AF002,2026-09-03T03:00:00Z,46,89.284,,,Provisional/Provisoire,,
01AF002,2026-09-03T03:05:00Z,46,89.285,,,Provisional/Provisoire,,
01AF002,2026-09-03T03:10:00Z,46,89.285,,,Provisional/Provisoire,,
01AF002,2026-09-03T03:15:00Z,46,89.286,,,Provisional/Provisoire,,
01AF002,2026-09-03T03:20:00Z,46,89.286,,,Provisional/Provisoire,,
01AF002,2026-09-03T03:25:00Z,46,89.286,,,Provisional/Provisoire,,
01AF002,2026-09-03T03:30:00Z,46,89.285,,,Provisional/Provisoire,,
01AF002,2026-09-03T03:35:00Z,46,89.285,,,Provisional/Provisoire,,
01AF002,2026-09-03T03:40:00Z,46,89.286,,,Provisional/Provisoire,,
01AF002,2026-09-03T03:45:00Z,46,89.285,,,Provisional/Provisoire,,
01AF002,2026-09-03T03:50:00Z,46,89.285,,,Provisional/Provisoire,,
01AF002,2026-09-03T03:55:00Z,46,89.285,,,Provisional/Provisoire,,
01AF002,2026-09-03T04:00:00Z,46,89.286,,,Provisional/Provisoire,,
01AF002,2026-09-03T04:05:00Z,46,89.285,,,Provisional/Provisoire,,
01AF002,2026-09-03T04:10:00Z,46,89.286,,,Provisional/Provisoire,,
01AF002,2026-09-03T04:15:00Z,46,89.288,,,Provisional/Provisoire,,
01AF002,2026-09-03T04:20:00Z,46,89.288,,,Provisional/Provisoire,,
01AF002,2026-09-03T04:25:00Z,46,89.287,,,Provisional/Provisoire,,
01AF002,2026-09-03T04:30:00Z,46,89.288,,,Provisional/Provisoire,,
01AF002,2026-09-03T04:35:00Z,46,89.288,,,Provisional/Provisoire,,
01AF002,2026-09-03T04:40:00Z,46,89.289,,,Provisional/Provisoire,,
01AF002,2026-09-03T04:45:00Z,46,89.288,,,Provisional/Provisoire,,
01AF002,2026-09-03T04:50:00Z,46,89.289,,,Provisional/Provisoire,,
01AF002,2026-09-03T04:55:00Z,46,89.288,,,Provisional/Provisoire,,
01AF002,2026-09-03T05:00:00Z,46,89.288,,,Provisional/Provisoire,,
01AF002,2026-09-03T05:05:00Z,46,89.287,,,Provisional/Provisoire,,
01AF002,2026-09-03T05:10:00Z,46,89.288,,,Provisional/Provisoire,,
01AF002,2026-09-03T05:15:00Z,46,89.288,,,Provisional/Provisoire,,
01AF002,2026-09-03T05:20:00Z,46,89.288,,,Provisional/Provisoire,,
01AF002,2026-09-03T05:25:00Z,46,89.287,,,Provisional/Provisoire,,
01AF002,2026-09-03T05:30:00Z,46,89.287,,,Provisional/Provisoire,,
01AF002,2026-09-03T05:35:00Z,46,89.257,,,Provisional/Provisoire,,
01AF002,2026-09-03T05:40:00Z,46,89.223,,,Provisional/Provisoire,,
01AF002,2026-09-03T05:45:00Z,46,89.201,,,Provisional/Provisoire,,
01AF002,2026-09-03T05:50:00Z,46,89.183,,,Provisional/Provisoire,,
01AF002,2026-09-03T05:55:00Z,46,89.169,,,Provisional/Provisoire,,
01AF002,2026-09-03T06:00:00Z,46,89.157,,,Provisional/Provisoire,,
01AF002,2026-09-03T06:05:00Z,46,89.149,,,Provisional/Provisoire,,
01AF002,2026-09-03T06:10:00Z,46,89.141,,,Provisional/Provisoire,,
01AF002,2026-09-03T06:15:00Z,46,89.134,,,Provisional/Provisoire,,
01AF002,2026-09-03T06:20:00Z,46,89.129,,,Provisional/Provisoire,,
01AF002,2026-09-03T06:25:00Z,46,89.123,,,Provisional/Provisoire,,
01AF002,2026-09-03T06:30:00Z,46,89.117,,,Provisional/Provisoire,,
01AF002,2026-09-03T06:35:00Z,46,89.113,,,Provisional/Provisoire,,
01AF002,2026-09-03T06:40:00Z,46,89.109,,,Provisional/Provisoire,,
01AF002,2026-09-03T06:45:00Z,46,89.106,,,Provisional/Provisoire,,
01AF002,2026-09-03T06:50:00Z,46,89.102,,,Provisional/Provisoire,,
01AF002,2026-09-03T06:55:00Z,46,89.099,,,Provisional/Provisoire,,
01AF002,2026-09-03T07:00:00Z,46,89.098,,,Provisional/Provisoire,,
01AF002,2026-09-03T07:05:00Z,46,89.096,,,Provisional/Provisoire,,
01AF002,2026-09-03T07:10:00Z,46,89.094,,,Provisional/Provisoire,,
01AF002,2026-09-03T07:15:00Z,46,89.093,,,Provisional/Provisoire,,
01AF002,2026-09-03T07:20:00Z,46,89.092,,,Provisional/Provisoire,,
01AF002,2026-09-03T07:25:00Z,46,89.090,,,Provisional/Provisoire,,
01AF002,2026-09-03T07:30:00Z,46,89.087,,,Provisional/Provisoire,,
01AF002,2026-09-03T07:35:00Z,46,89.087,,,Provisional/Provisoire,,
01AF002,2026-09-03T07:40:00Z,46,89.087,,,Provisional/Provisoire,,
01AF002,2026-09-03T07:45:00Z,46,89.086,,,Provisional/Provisoire,,
01AF002,2026-09-03T07:50:00Z,46,89.087,,,Provisional/Provisoire,,
01AF002,2026-09-03T07:55:00Z,46,89.087,,,Provisional/Provisoire,,
01AF002,2026-09-03T08:00:00Z,46,89.087,,,Provisional/Provisoire,,
01AF002,2026-09-03T08:05:00Z,46,89.087,,,Provisional/Provisoire,,
01AF002,2026-09-03T08:10:00Z,46,89.087,,,Provisional/Provisoire,,
01AF002,2026-09-03T08:15:00Z,46,89.087,,,Provisional/Provisoire,,
01AF002,2026-09-03T08:20:00Z,46,89.085,,,Provisional/Provisoire,,
01AF002,2026-09-03T08:25:00Z,46,89.085,,,Provisional/Provisoire,,
01AF002,2026-09-03T08:30:00Z,46,89.086,,,Provisional/Provisoire,,
01AF002,2026-09-03T08:35:00Z,46,89.086,,,Provisional/Provisoire,,
01AF002,2026-09-03T08:40:00Z,46,89.085,,,Provisional/Provisoire,,
01AF002,2026-09-03T08:45:00Z,46,89.085,,,Provisional/Provisoire,,
01AF002,2026-09-03T08:50:00Z,46,89.086,,,Provisional/Provisoire,,
01AF002,2026-09-03T08:55:00Z,46,89.085,,,Provisional/Provisoire,,
01AF002,2026-09-03T09:00:00Z,46,89.084,,,Provisional/Provisoire,,
01AF002,2026-09-03T09:05:00Z,46,89.084,,,Provisional/Provisoire,,
01AF002,2026-09-03T09:10:00Z,46,89.086,,,Provisional/Provisoire,,
01AF002,2026-09-03T09:15:00Z,46,89.086,,,Provisional/Provisoire,,
01AF002,2026-09-03T09:20:00Z,46,89.085,,,Provisional/Provisoire,,
01AF002,2026-09-03T09:25:00Z,46,89.086,,,Provisional/Provisoire,,
01AF002,2026-09-03T09:30:00Z,46,89.086,,,Provisional/Provisoire,,
01AF002,2026-09-03T09:35:00Z,46,89.085,,,Provisional/Provisoire,,
01AF002,2026-09-03T09:40:00Z,46,89.085,,,Provisional/Provisoire,,
01AF002,2026-09-03T09:45:00Z,46,89.085,,,Provisional/Provisoire,,
01AF002,2026-09-03T09:50:00Z,46,89.084,,,Provisional/Provisoire,,
01AF002,2026-09-03T09:55:00Z,46,89.084,,,Provisional/Provisoire,,
01AF002,2026-09-03T10:00:00Z,46,89.057,,,Provisional/Provisoire,,
01AF002,2026-09-03T10:05:00Z,46,89.040,,,Provisional/Provisoire,,
01AF002,2026-09-03T10:10:00Z,46,89.033,,,Provisional/Provisoire,,
01AF002,2026-09-03T10:15:00Z,46,89.024,,,Provisional/Provisoire,,
01AF002,2026-09-03T10:20:00Z,46,89.017,,,Provisional/Provisoire,,
01AF002,2026-09-03T10:25:00Z,46,89.009,,,Provisional/Provisoire,,
01AF002,2026-09-03T10:30:00Z,46,89.001,,,Provisional/Provisoire,,
01AF002,2026-09-03T10:35:00Z,46,88.992,,,Provisional/Provisoire,,
01AF002,2026-09-03T10:40:00Z,46,88.986,,,Provisional/Provisoire,,
01AF002,2026-09-03T10:45:00Z,46,88.980,,,Provisional/Provisoire,,
01AF002,2026-09-03T10:50:00Z,46,88.976,,,Provisional/Provisoire,,
01AF002,2026-09-03T10:55:00Z,46,88.970,,,Provisional/Provisoire,,
01AF002,2026-09-03T11:00:00Z,46,88.966,,,Provisional/Provisoire,,
01AF002,2026-09-03T11:05:00Z,46,88.963,,,Provisional/Provisoire,,
01AF002,2026-09-03T11:10:00Z,46,88.960,,,Provisional/Provisoire,,
01AF002,2026-09-03T11:15:00Z,46,88.957,,,Provisional/Provisoire,,
01AF002,2026-09-03T11:20:00Z,46,88.955,,,Provisional/Provisoire,,
01AF002,2026-09-03T11:25:00Z,46,88.954,,,Provisional/Provisoire,,
01AF002,2026-09-03T11:30:00Z,46,88.951,,,Provisional/Provisoire,,
01AF002,2026-09-03T11:35:00Z,46,88.951,,,Provisional/Provisoire,,
01AF002,2026-09-03T11:40:00Z,46,88.949,,,Provisional/Provisoire,,
01AF002,2026-09-03T11:45:00Z,46,88.944,,,Provisional/Provisoire,,
01AF002,2026-09-03T11:50:00Z,46,88.943,,,Provisional/Provisoire,,
01AF002,2026-09-03T11:55:00Z,46,88.942,,,Provisional/Provisoire,,
01AF002,2026-09-03T12:00:00Z,46,88.940,,,Provisional/Provisoire,,
01AF002,2026-09-03T12:05:00Z,46,88.940,,,Provisional/Provisoire,,
01AF002,2026-09-03T12:10:00Z,46,88.940,,,Provisional/Provisoire,,
01AF002,2026-09-03T12:15:00Z,46,88.939,,,Provisional/Provisoire,,
01AF002,2026-09-03T12:20:00Z,46,88.939,,,Provisional/Provisoire,,
01AF002,2026-09-03T12:25:00Z,46,88.938,,,Provisional/Provisoire,,
01AF002,2026-09-03T12:30:00Z,46,88.936,,,Provisional/Provisoire,,
01AF002,2026-09-03T12:35:00Z,46,88.937,,,Provisional/Provisoire,,
01AF002,2026-09-03T12:40:00Z,46,88.937,,,Provisional/Provisoire,,
01AF002,2026-09-03T12:45:00Z,46,88.935,,,Provisional/Provisoire,,
01AF002,2026-09-03T12:50:00Z,46,88.936,,,Provisional/Provisoire,,
01AF002,2026-09-03T12:55:00Z,46,88.935,,,Provisional/Provisoire,,
01AF002,2026-09-03T13:00:00Z,46,88.935,,,Provisional/Provisoire,,
01AF002,2026-09-03T13:05:00Z,46,88.934,,,Provisional/Provisoire,,
01AF002,2026-09-03T13:10:00Z,46,88.934,,,Provisional/Provisoire,,
01AF002,2026-09-03T13:15:00Z,46,88.933,,,Provisional/Provisoire,,
01AF002,2026-09-03T13:20:00Z,46,88.934,,,Provisional/Provisoire,,
01AF002,2026-09-03T13:25:00Z,46,88.934,,,Provisional/Provisoire,,
01AF002,2026-09-03T13:30:00Z,46,88.935,,,Provisional/Provisoire,,
01AF002,2026-09-03T13:35:00Z,46,88.935,,,Provisional/Provisoire,,
01AF002,2026-09-03T13:40:00Z,46,88.935,,,Provisional/Provisoire,,
01AF002,2026-09-03T13:45:00Z,46,88.935,,,Provisional/Provisoire,,
01AF002,2026-09-03T13:50:00Z,46,88.936,,,Provisional/Provisoire,,
01AF002,2026-09-03T13:55:00Z,46,88.935,,,Provisional/Provisoire,,
01AF002,2026-09-03T14:00:00Z,46,88.935,,,Provisional/Provisoire,,
01AF002,2026-09-03T14:05:00Z,46,88.935,,,Provisional/Provisoire,,
01AF002,2026-09-03T14:10:00Z,46,88.937,,,Provisional/Provisoire,,
01AF002,2026-09-03T14:15:00Z,46,88.936,,,Provisional/Provisoire,,
01AF002,2026-09-03T14:20:00Z,46,88.936,,,Provisional/Provisoire,,
01AF002,2026-09-03T14:25:00Z,46,88.938,,,Provisional/Provisoire,,
01AF002,2026-09-03T14:30:00Z,46,88.937,,,Provisional/Provisoire,,
01AF002,2026-09-03T14:35:00Z,46,88.937,,,Provisional/Provisoire,,
01AF002,2026-09-03T14:40:00Z,46,88.938,,,Provisional/Provisoire,,
01AF002,2026-09-03T14:45:00Z,46,88.936,,,Provisional/Provisoire,,
01AF002,2026-09-03T14:50:00Z,46,88.936,,,Provisional/Provisoire,,
01AF002,2026-09-03T14:55:00Z,46,88.937,,,Provisional/Provisoire,,
01AF002,2026-09-03T15:00:00Z,46,88.936,,,Provisional/Provisoire,,
01AF002,2026-09-03T15:05:00Z,46,88.936,,,Provisional/Provisoire,,
01AF002,2026-09-03T15:10:00Z,46,88.938,,,Provisional/Provisoire,,
01AF002,2026-09-03T15:15:00Z,46,88.937,,,Provisional/Provisoire,,
01AF002,2026-09-03T15:20:00Z,46,88.937,,,Provisional/Provisoire,,
01AF002,2026-09-03T15:25:00Z,46,88.938,,,Provisional/Provisoire,,
01AF002,2026-09-03T15:30:00Z,46,88.936,,,Provisional/Provisoire,,
01AF002,2026-09-03T15:35:00Z,46,88.936,,,Provisional/Provisoire,,
01AF002,2026-09-03T15:40:00Z,46,88.937,,,Provisional/Provisoire,,
01AF002,2026-09-03T15:45:00Z,46,88.934,,,Provisional/Provisoire,,
01AF002,2026-09-03T15:50:00Z,46,88.936,,,Provisional/Provisoire,,
01AF002,2026-09-03T15:55:00Z,46,88.936,,,Provisional/Provisoire,,
01AF002,2026-09-03T16:00:00Z,46,88.934,,,Provisional/Provisoire,,
01AF002,2026-09-03T16:05:00Z,46,88.934,,,Provisional/Provisoire,,
01AF002,2026-09-03T16:10:00Z,46,88.933,,,Provisional/Provisoire,,
01AF002,2026-09-03T16:15:00Z,46,88.933,,,Provisional/Provisoire,,
01AF002,2026-09-03T16:20:00Z,46,88.935,,,Provisional/Provisoire,,
01AF002,2026-09-03T16:25:00Z,46,88.935,,,Provisional/Provisoire,,
01AF002,2026-09-03T16:30:00Z,46,88.935,,,Provisional/Provisoire,,
01AF002,2026-09-03T16:35:00Z,46,88.937,,,Provisional/Provisoire,,
01AF002,2026-09-03T16:40:00Z,46,88.937,,,Provisional/Provisoire,,
01AF002,2026-09-03T16:45:00Z,46,88.935,,,Provisional/Provisoire,,
01AF002,2026-09-03T16:50:00Z,46,88.936,,,Provisional/Provisoire,,
01AF002,2026-09-03T16:55:00Z,46,88.937,,,Provisional/Provisoire,,
01AF002,2026-09-03T17:00:00Z,46,88.935,,,Provisional/Provisoire,,
01AF002,2026-09-03T17:05:00Z,46,88.935,,,Provisional/Provisoire,,
01AF002,2026-09-03T17:10:00Z,46,88.936,,,Provisional/Provisoire,,
01AF002,2026-09-03T17:15:00Z,46,88.937,,,Provisional/Provisoire,,
01AF002,2026-09-03T17:20:00Z,46,88.936,,,Provisional/Provisoire,,
01AF002,2026-09-03T17:25:00Z,46,88.938,,,Provisional/Provisoire,,
01AF002,2026-09-03T17:30:00Z,46,88.939,,,Provisional/Provisoire,,
01AF002,2026-09-03T17:35:00Z,46,88.937,,,Provisional/Provisoire,,
01AF002,2026-09-03T17:40:00Z,46,88.939,,,Provisional/Provisoire,,
01AF002,2026-09-03T17:45:00Z,46,88.939,,,Provisional/Provisoire,,
01AF002,2026-09-03T17:50:00Z,46,88.938,,,Provisional/Provisoire,,
01AF002,2026-09-03T17:55:00Z,46,88.937,,,Provisional/Provisoire,,
01AF002,2026-09-03T18:00:00Z,46,88.937,,,Provisional/Provisoire,,
01AF002,2026-09-03T18:05:00Z,46,88.938,,,Provisional/Provisoire,,
01AF002,2026-09-03T18:10:00Z,46,88.938,,,Provisional/Provisoire,,
01AF002,2026-09-03T18:15:00Z,46,88.938,,,Provisional/Provisoire,,
01AF002,2026-09-03T18:20:00Z,46,88.938,,,Provisional/Provisoire,,
01AF002,2026-09-03T18:25:00Z,46,88.938,,,Provisional/Provisoire,,
01AF002,2026-09-03T18:30:00Z,46,88.939,,,Provisional/Provisoire,,
01AF002,2026-09-03T18:35:00Z,46,88.937,,,Provisional/Provisoire,,
01AF002,2026-09-03T18:40:00Z,46,88.938,,,Provisional/Provisoire,,
01AF002,2026-09-03T18:45:00Z,46,88.939,,,Provisional/Provisoire,,
01AF002,2026-09-03T18:50:00Z,46,88.938,,,Provisional/Provisoire,,
01AF002,2026-09-03T18:55:00Z,46,88.938,,,Provisional/Provisoire,,
01AF002,2026-09-03T19:00:00Z,46,88.939,,,Provisional/Provisoire,,
01AF002,2026-09-03T19:05:00Z,46,88.939,,,Provisional/Provisoire,,
01AF002,2026-09-03T19:10:00Z,46,88.940,,,Provisional/Provisoire,,
01AF002,2026-09-03T19:15:00Z,46,88.939,,,Provisional/Provisoire,,
01AF002,2026-09-03T19:20:00Z,46,88.940,,,Provisional/Provisoire,,
01AF002,2026-09-03T19:25:00Z,46,88.941,,,Provisional/Provisoire,,
01AF002,2026-09-03T19:30:00Z,46,88.940,,,Provisional/Provisoire,,
01AF002,2026-09-03T19:35:00Z,46,88.938,,,Provisional/Provisoire,,
01AF002,2026-09-03T19:40:00Z,46,88.938,,,Provisional/Provisoire,,
01AF002,2026-09-03T19:45:00Z,46,88.938,,,Provisional/Provisoire,,
01AF002,2026-09-03T19:50:00Z,46,88.939,,,Provisional/Provisoire,,
01AF002,2026-09-03T19:55:00Z,46,88.966,,,Provisional/Provisoire,,
01AF002,2026-09-03T20:00:00Z,46,89.023,,,Provisional/Provisoire,,
01AF002,2026-09-03T20:05:00Z,46,89.074,,,Provisional/Provisoire,,
01AF002,2026-09-03T20:10:00Z,46,89.109,,,Provisional/Provisoire,,
01AF002,2026-09-03T20:15:00Z,46,89.135,,,Provisional/Provisoire,,
01AF002,2026-09-03T20:20:00Z,46,89.158,,,Provisional/Provisoire,,
01AF002,2026-09-03T20:25:00Z,46,89.176,,,Provisional/Provisoire,,
01AF002,2026-09-03T20:30:00Z,46,89.191,,,Provisional/Provisoire,,
01AF002,2026-09-03T20:35:00Z,46,89.202,,,Provisional/Provisoire,,
01AF002,2026-09-03T20:40:00Z,46,89.213,,,Provisional/Provisoire,,
01AF002,2026-09-03T20:45:00Z,46,89.223,,,Provisional/Provisoire,,
01AF002,2026-09-03T20:50:00Z,46,89.230,,,Provisional/Provisoire,,
01AF002,2026-09-03T20:55:00Z,46,89.237,,,Provisional/Provisoire,,
01AF002,2026-09-03T21:00:00Z,46,89.245,,,Provisional/Provisoire,,
01AF002,2026-09-03T21:05:00Z,46,89.249,,,Provisional/Provisoire,,
01AF002,2026-09-03T21:10:00Z,46,89.255,,,Provisional/Provisoire,,
01AF002,2026-09-03T21:15:00Z,46,89.259,,,Provisional/Provisoire,,
01AF002,2026-09-03T21:20:00Z,46,89.264,,,Provisional/Provisoire,,
01AF002,2026-09-03T21:25:00Z,46,89.268,,,Provisional/Provisoire,,
01AF002,2026-09-03T21:30:00Z,46,89.271,,,Provisional/Provisoire,,
01AF002,2026-09-03T21:35:00Z,46,89.272,,,Provisional/Provisoire,,
01AF002,2026-09-03T21:40:00Z,46,89.274,,,Provisional/Provisoire,,
01AF002,2026-09-03T21:45:00Z,46,89.277,,,Provisional/Provisoire,,
01AF002,2026-09-03T21:50:00Z,46,89.280,,,Provisional/Provisoire,,
01AF002,2026-09-03T21:55:00Z,46,89.280,,,Provisional/Provisoire,,
01AF002,2026-09-03T22:00:00Z,46,89.281,,,Provisional/Provisoire,,
01AF002,2026-09-03T22:05:00Z,46,89.283,,,Provisional/Provisoire,,
01AF002,2026-09-03T22:10:00Z,46,89.284,,,Provisional/Provisoire,,
01AF002,2026-09-03T22:15:00Z,46,89.284,,,Provisional/Provisoire,,
01AF002,2026-09-03T22:20:00Z,46,89.285,,,Provisional/Provisoire,,
01AF002,2026-09-03T22:25:00Z,46,89.286,,,Provisional/Provisoire,,
01AF002,2026-09-03T22:30:00Z,46,89.287,,,Provisional/Provisoire,,
01AF002,2026-09-03T22:35:00Z,46,89.286,,,Provisional/Provisoire,,
01AF002,2026-09-03T22:40:00Z,46,89.288,,,Provisional/Provisoire,,
01AF002,2026-09-03T22:45:00Z,46,89.289,,,Provisional/Provisoire,,
01AF002,2026-09-03T22:50:00Z,46,89.289,,,Provisional/Provisoire,,
01AF002,2026-09-03T22:55:00Z,46,89.289,,,Provisional/Provisoire,,
01AF002,2026-09-03T23:00:00Z,46,89.289,,,Provisional/Provisoire,,
01AF002,2026-09-03T23:05:00Z,46,89.288,,,Provisional/Provisoire,,
01AF002,2026-09-03T23:10:00Z,46,89.289,,,Provisional/Provisoire,,
01AF002,2026-09-03T23:15:00Z,46,89.288,,,Provisional/Provisoire,,
01AF002,2026-09-03T23:20:00Z,46,89.289,,,Provisional/Provisoire,,
01AF002,2026-09-03T23:25:00Z,46,89.288,,,Provisional/Provisoire,,
01AF002,2026-09-03T23:30:00Z,46,89.288,,,Provisional/Provisoire,,
01AF002,2026-09-03T23:35:00Z,46,89.286,,,Provisional/Provisoire,,
01AF002,2026-09-03T23:40:00Z,46,89.287,,,Provisional/Provisoire,,
01AF002,2026-09-03T23:45:00Z,46,89.286,,,Provisional/Provisoire,,
01AF002,2026-09-03T23:50:00Z,46,89.288,,,Provisional/Provisoire,,
01AF002,2026-09-03T23:55:00Z,46,89.283,,,Provisional/Provisoire,,