match_id,upstream_episode_id,upstream_station_id,upstream_start_date,downstream_episode_id,downstream_station_id,downstream_start_date,lead_time_days,relationship
01AF002_20110429__01AK003,01AF002_20110429,01AF002,2011-04-29,01AK003_20110501,01AK003,2011-05-01,2,follow_up
01AF002_20110505__01AK003,01AF002_20110505,01AF002,2011-05-05,01AK003_20110506,01AK003,2011-05-06,1,overlap
01AF002_20110609__01AK003,01AF002_20110609,01AF002,2011-06-09,01AK003_20110610,01AK003,2011-06-10,1,follow_up
01AF002_20110907__01AK003,01AF002_20110907,01AF002,2011-09-07,01AK003_20110907,01AK003,2011-09-07,0,overlap
01AF002_20120321__01AK003,01AF002_20120321,01AF002,2012-03-21,01AK003_20120322,01AK003,2012-03-22,1,overlap
01AF002_20120425__01AK003,01AF002_20120425,01AF002,2012-04-25,01AK003_20120425,01AK003,2012-04-25,0,overlap
01AF002_20130420__01AK003,01AF002_20130420,01AF002,2013-04-20,01AK003_20130420,01AK003,2013-04-20,0,overlap
01AF002_20130525__01AK003,01AF002_20130525,01AF002,2013-05-25,01AK003_20130526,01AK003,2013-05-26,1,overlap
01AF002_20131128__01AK003,01AF002_20131128,01AF002,2013-11-28,01AK003_20131128,01AK003,2013-11-28,0,overlap
01AF002_20150415__01AK003,01AF002_20150415,01AF002,2015-04-15,01AK003_20150415,01AK003,2015-04-15,0,overlap
01AF002_20170410__01AK003,01AF002_20170410,01AF002,2017-04-10,01AK003_20170411,01AK003,2017-04-11,1,overlap
01AF002_20170427__01AK003,01AF002_20170427,01AF002,2017-04-27,01AK003_20170427,01AK003,2017-04-27,0,overlap
01AF002_20171027__01AK003,01AF002_20171027,01AF002,2017-10-27,01AK003_20171028,01AK003,2017-10-28,1,follow_up
01AF002_20190420__01AK003,01AF002_20190420,01AF002,2019-04-20,01AK003_20190420,01AK003,2019-04-20,0,overlap
01AF002_20191101__01AK003,01AF002_20191101,01AF002,2019-11-01,01AK003_20191103,01AK003,2019-11-03,2,follow_up
01AF002_20200414__01AK003,01AF002_20200414,01AF002,2020-04-14,01AK003_20200414,01AK003,2020-04-14,0,overlap
01AF002_20200502__01AK003,01AF002_20200502,01AF002,2020-05-02,01AK003_20200502,01AK003,2020-05-02,0,overlap
01AF002_20201201__01AK003,01AF002_20201201,01AF002,2020-12-01,01AK003_20201202,01AK003,2020-12-02,1,overlap
01AF002_20201226__01AK003,01AF002_20201226,01AF002,2020-12-26,01AK003_20201227,01AK003,2020-12-27,1,overlap
01AF002_20210326__01AK003,01AF002_20210326,01AF002,2021-03-26,01AK003_20210327,01AK003,2021-03-27,1,overlap
01AF002_20210927__01AK003,01AF002_20210927,01AF002,2021-09-27,01AK003_20210927,01AK003,2021-09-27,0,overlap
01AF002_20220416__01AK003,01AF002_20220416,01AF002,2022-04-16,01AK003_20220417,01AK003,2022-04-17,1,follow_up
01AF002_20220528__01AK003,01AF002_20220528,01AF002,2022-05-28,01AK003_20220530,01AK003,2022-05-30,2,follow_up
01AF002_20221113__01AK003,01AF002_20221113,01AF002,2022-11-13,01AK003_20221113,01AK003,2022-11-13,0,overlap
01AF002_20221208__01AK003,01AF002_20221208,01AF002,2022-12-08,01AK003_20221208,01AK003,2022-12-08,0,overlap
01AF002_20230414__01AK003,01AF002_20230414,01AF002,2023-04-14,01AK003_20230415,01AK003,2023-04-15,1,overlap
01AF002_20231219__01AK003,01AF002_20231219,01AF002,2023-12-19,01AK003_20231219,01AK003,2023-12-19,0,overlap
01AF002_20240413__01AK003,01AF002_20240413,01AF002,2024-04-13,01AK003_20240414,01AK003,2024-04-14,1,overlap
01AF002_20241212__01AK003,01AF002_20241212,01AF002,2024-12-12,01AK003_20241213,01AK003,2024-12-13,1,overlap
01AF002_20110505__01AO012,01AF002_20110505,01AF002,2011-05-05,01AO012_20110506,01AO012,2011-05-06,1,overlap
01AF002_20120321__01AO012,01AF002_20120321,01AF002,2012-03-21,01AO012_20120322,01AO012,2012-03-22,1,overlap
01AF002_20120627__01AO012,01AF002_20120627,01AF002,2012-06-27,01AO012_20120628,01AO012,2012-06-28,1,overlap
01AF002_20130420__01AO012,01AF002_20130420,01AF002,2013-04-20,01AO012_20130421,01AO012,2013-04-21,1,overlap
01AF002_20130525__01AO012,01AF002_20130525,01AF002,2013-05-25,01AO012_20130526,01AO012,2013-05-26,1,overlap
01AF002_20131128__01AO012,01AF002_20131128,01AF002,2013-11-28,01AO012_20131128,01AO012,2013-11-28,0,overlap
01AF002_20170410__01AO012,01AF002_20170410,01AF002,2017-04-10,01AO012_20170412,01AO012,2017-04-12,2,overlap
01AF002_20180426__01AO012,01AF002_20180426,01AF002,2018-04-26,01AO012_20180426,01AO012,2018-04-26,0,overlap
01AF002_20190420__01AO012,01AF002_20190420,01AF002,2019-04-20,01AO012_20190420,01AO012,2019-04-20,0,overlap
01AF002_20200414__01AO012,01AF002_20200414,01AF002,2020-04-14,01AO012_20200415,01AO012,2020-04-15,1,overlap
01AF002_20201201__01AO012,01AF002_20201201,01AF002,2020-12-01,01AO012_20201202,01AO012,2020-12-02,1,overlap
01AF002_20201226__01AO012,01AF002_20201226,01AF002,2020-12-26,01AO012_20201227,01AO012,2020-12-27,1,overlap
01AF002_20210326__01AO012,01AF002_20210326,01AF002,2021-03-26,01AO012_20210327,01AO012,2021-03-27,1,overlap
01AF002_20220416__01AO012,01AF002_20220416,01AF002,2022-04-16,01AO012_20220417,01AO012,2022-04-17,1,follow_up
01AF002_20230414__01AO012,01AF002_20230414,01AF002,2023-04-14,01AO012_20230415,01AO012,2023-04-15,1,overlap
01AF002_20241212__01AO012,01AF002_20241212,01AF002,2024-12-12,01AO012_20241213,01AO012,2024-12-13,1,overlap
01AF002_20120321__01AP003,01AF002_20120321,01AF002,2012-03-21,01AP003_20120322,01AP003,2012-03-22,1,overlap
01AF002_20120627__01AP003,01AF002_20120627,01AF002,2012-06-27,01AP003_20120627,01AP003,2012-06-27,0,overlap
01AF002_20130420__01AP003,01AF002_20130420,01AF002,2013-04-20,01AP003_20130422,01AP003,2013-04-22,2,follow_up
01AF002_20130525__01AP003,01AF002_20130525,01AF002,2013-05-25,01AP003_20130525,01AP003,2013-05-25,0,overlap
01AF002_20131128__01AP003,01AF002_20131128,01AF002,2013-11-28,01AP003_20131128,01AP003,2013-11-28,0,overlap
01AF002_20150415__01AP003,01AF002_20150415,01AF002,2015-04-15,01AP003_20150415,01AP003,2015-04-15,0,overlap
01AF002_20170410__01AP003,01AF002_20170410,01AF002,2017-04-10,01AP003_20170412,01AP003,2017-04-12,2,overlap
01AF002_20180426__01AP003,01AF002_20180426,01AF002,2018-04-26,01AP003_20180426,01AP003,2018-04-26,0,overlap
01AF002_20190420__01AP003,01AF002_20190420,01AF002,2019-04-20,01AP003_20190420,01AP003,2019-04-20,0,overlap
01AF002_20200414__01AP003,01AF002_20200414,01AF002,2020-04-14,01AP003_20200415,01AP003,2020-04-15,1,overlap
01AF002_20201201__01AP003,01AF002_20201201,01AF002,2020-12-01,01AP003_20201202,01AP003,2020-12-02,1,overlap
01AF002_20201226__01AP003,01AF002_20201226,01AF002,2020-12-26,01AP003_20201227,01AP003,2020-12-27,1,overlap
01AF002_20210326__01AP003,01AF002_20210326,01AF002,2021-03-26,01AP003_20210327,01AP003,2021-03-27,1,overlap
01AF002_20220416__01AP003,01AF002_20220416,01AF002,2022-04-16,01AP003_20220417,01AP003,2022-04-17,1,follow_up
01AF002_20230414__01AP003,01AF002_20230414,01AF002,2023-04-14,01AP003_20230416,01AP003,2023-04-16,2,overlap
01AF002_20241212__01AP003,01AF002_20241212,01AF002,2024-12-12,01AP003_20241213,01AP003,2024-12-13,1,overlap
