 ID,Date,Parameter/Paramètre,Value/Valeur,Symbol/Symbole
01AP003,2024-01-01,water level/niveau,2.185,
01AP003,2024-01-02,water level/niveau,2.068,
01AP003,2024-01-03,water level/niveau,1.957,
01AP003,2024-01-04,water level/niveau,1.834,
01AP003,2024-01-05,water level/niveau,1.665,
01AP003,2024-01-06,water level/niveau,1.556,
01AP003,2024-01-07,water level/niveau,1.572,
01AP003,2024-01-08,water level/niveau,1.643,
01AP003,2024-01-09,water level/niveau,1.558,
01AP003,2024-01-10,water level/niveau,1.630,
01AP003,2024-01-11,water level/niveau,1.635,
01AP003,2024-01-12,water level/niveau,1.639,
01AP003,2024-01-13,water level/niveau,1.692,
01AP003,2024-01-14,water level/niveau,1.675,
01AP003,2024-01-15,water level/niveau,1.665,
01AP003,2024-01-16,water level/niveau,1.706,
01AP003,2024-01-17,water level/niveau,1.686,
01AP003,2024-01-18,water level/niveau,1.603,
01AP003,2024-01-19,water level/niveau,1.535,
01AP003,2024-01-20,water level/niveau,1.514,
01AP003,2024-01-21,water level/niveau,1.512,
01AP003,2024-01-22,water level/niveau,1.450,
01AP003,2024-01-23,water level/niveau,1.439,
01AP003,2024-01-24,water level/niveau,1.343,
01AP003,2024-01-25,water level/niveau,1.357,
01AP003,2024-01-26,water level/niveau,1.316,
01AP003,2024-01-27,water level/niveau,1.311,
01AP003,2024-01-28,water level/niveau,1.333,
01AP003,2024-01-29,water level/niveau,1.309,
01AP003,2024-01-30,water level/niveau,1.330,
01AP003,2024-01-31,water level/niveau,1.307,